device,batch_size,repetition,seed,mixed_precision,epochs,processed_batches,processed_samples,mean_loss,elapsed_seconds,samples_per_second
cpu,32,1,42,False,3,4689,150000,0.9030466671133042,570.8246037000008,262.777741232109
cpu,32,2,43,False,3,4689,150000,0.9118599944241842,596.4345637000006,251.49447924256816
cpu,32,3,44,False,3,4689,150000,0.905387454217275,561.8958024000003,266.9534090828081
cpu,64,1,42,False,3,2346,150000,0.9310511096032461,544.8461643999981,275.30706794125047
cpu,64,2,43,False,3,2346,150000,0.9393694842274983,546.5679300000011,274.43981208337584
cpu,64,3,44,False,3,2346,150000,0.919901996905009,552.5342520999984,271.4763825589093
cpu,128,1,42,False,3,1173,150000,0.9790828488349914,566.7012484000006,264.68972924182435
cpu,128,2,43,False,3,1173,150000,0.9962630380948385,566.8063882999995,264.64063055091736
cpu,128,3,44,False,3,1173,150000,0.9903733194923401,574.5623807000011,261.0682582755452
cpu,256,1,42,False,3,588,150000,1.1080409012031556,591.8233747999984,253.45399723471755
cpu,256,2,43,False,3,588,150000,1.1079538662719726,589.5526879000026,254.43018593351294
cpu,256,3,44,False,3,588,150000,1.117347446645101,589.9370820000004,254.26440306391845
cuda,32,1,42,False,3,4689,150000,0.9232968121242523,44.210646200001065,3392.8479425843902
cuda,32,2,43,False,3,4689,150000,0.9161444203821818,44.06100620000143,3404.3707335942577
cuda,32,3,44,False,3,4689,150000,0.9155658032766978,43.3716706999985,3458.4787161543486
cuda,64,1,42,False,3,2346,150000,0.9295813166872661,29.43500149999818,5095.973920708286
cuda,64,2,43,False,3,2346,150000,0.9151648706181844,28.50913899999796,5261.470716460807
cuda,64,3,44,False,3,2346,150000,0.9295406592178345,29.753403600003367,5041.440032090413
cuda,128,1,42,False,3,1173,150000,0.991006091372172,26.149190799998905,5736.315174999842
cuda,128,2,43,False,3,1173,150000,1.001687854277293,23.459230899999966,6394.071512378533
cuda,128,3,44,False,3,1173,150000,0.9954228470102946,23.500626299999567,6382.808614764567
cuda,256,1,42,False,3,588,150000,1.1103828326288858,25.423076999999466,5900.151268078334
cuda,256,2,43,False,3,588,150000,1.1038633013216654,25.194315000000643,5953.724084183125
cuda,256,3,44,False,3,588,150000,1.1090067639223735,24.99742949999927,6000.616983438412
